-- MySQL Script generated by MySQL Workbench
-- Sun Aug 12 20:37:07 2018
-- Model: New Model    Version: 1.0
-- MySQL Workbench Forward Engineering

SET @OLD_UNIQUE_CHECKS=@@UNIQUE_CHECKS, UNIQUE_CHECKS=0;
SET @OLD_FOREIGN_KEY_CHECKS=@@FOREIGN_KEY_CHECKS, FOREIGN_KEY_CHECKS=0;
SET @OLD_SQL_MODE=@@SQL_MODE, SQL_MODE='TRADITIONAL,ALLOW_INVALID_DATES';

-- -----------------------------------------------------
-- Schema HotelManagementSystem
-- -----------------------------------------------------

-- -----------------------------------------------------
-- Schema HotelManagementSystem
-- -----------------------------------------------------
-- DROP SCHEMA IF EXISTS HotelManagementSystem; 
CREATE SCHEMA IF NOT EXISTS `HotelManagementSystem` DEFAULT CHARACTER SET utf8 ;
USE `HotelManagementSystem` ;

-- -----------------------------------------------------
-- Table `HotelManagementSystem`.`HotelChain`
-- -----------------------------------------------------
CREATE TABLE IF NOT EXISTS `HotelManagementSystem`.`HotelChain` (
  `HotelChainId` INT NOT NULL AUTO_INCREMENT,
  `HotelChainName` VARCHAR(45) NOT NULL,
  `HotelCount` VARCHAR(45) NOT NULL,
  PRIMARY KEY (`HotelChainId`),
  UNIQUE INDEX `HotelChainName_UNIQUE` (`HotelChainName` ASC))
ENGINE = InnoDB;


-- -----------------------------------------------------
-- Table `HotelManagementSystem`.`StarRate`
-- -----------------------------------------------------
CREATE TABLE IF NOT EXISTS `HotelManagementSystem`.`StarRate` (
  `StarRateId` INT NOT NULL,
  `StarRateName` VARCHAR(45) NOT NULL,
  `Rating` VARCHAR(45) NOT NULL,
  PRIMARY KEY (`StarRateId`),
  UNIQUE INDEX `StarRateId_UNIQUE` (`StarRateId` ASC))
ENGINE = InnoDB;


-- -----------------------------------------------------
-- Table `HotelManagementSystem`.`Hotels`
-- -----------------------------------------------------
CREATE TABLE IF NOT EXISTS `HotelManagementSystem`.`Hotels` (
  `HotelId` INT NOT NULL AUTO_INCREMENT,
  `HotelName` VARCHAR(45) NOT NULL,
  `HotelDescription` VARCHAR(200) NOT NULL,
  `NumberOfRooms` INT NOT NULL,
  `OccupiedRooms` INT NULL,
  `AvailableRooms` INT NULL,
  `NumberOfFloors` INT NOT NULL,
  `HotelAddress` VARCHAR(145) NOT NULL,
  `HotelCity` VARCHAR(45) NOT NULL,
  `HotelCountry` VARCHAR(45) NOT NULL,
  `HotelPhone` VARCHAR(45) NOT NULL,
  `HotelURL` VARCHAR(145) ,
  `HotelChain_HotelChainId` INT NOT NULL,
  `StarRate_StarRateId` INT NOT NULL,
  PRIMARY KEY (`HotelId`),
  INDEX `fk_Hotels_HotelChain_idx` (`HotelChain_HotelChainId` ASC),
  INDEX `fk_Hotels_StarRate1_idx` (`StarRate_StarRateId` ASC),
  CONSTRAINT `fk_Hotels_HotelChain`
    FOREIGN KEY (`HotelChain_HotelChainId`)
    REFERENCES `HotelManagementSystem`.`HotelChain` (`HotelChainId`)
    ON DELETE NO ACTION
    ON UPDATE NO ACTION,
  CONSTRAINT `fk_Hotels_StarRate1`
    FOREIGN KEY (`StarRate_StarRateId`)
    REFERENCES `HotelManagementSystem`.`StarRate` (`StarRateId`)
    ON DELETE NO ACTION
    ON UPDATE NO ACTION)
ENGINE = InnoDB;


-- -----------------------------------------------------
-- Table `HotelManagementSystem`.`Users`
-- -----------------------------------------------------
CREATE TABLE IF NOT EXISTS `HotelManagementSystem`.`Users` (
  `UserId` INT NOT NULL,
  `UserName` VARCHAR(45) NOT NULL,
  `Designation` VARCHAR(45) NOT NULL,
  `Hotels_HotelId` INT NOT NULL,
  PRIMARY KEY (`UserId`),
  UNIQUE INDEX `UserId_UNIQUE` (`UserId` ASC),
  INDEX `fk_Users_Hotels1_idx` (`Hotels_HotelId` ASC),
  CONSTRAINT `fk_Users_Hotels1`
    FOREIGN KEY (`Hotels_HotelId`)
    REFERENCES `HotelManagementSystem`.`Hotels` (`HotelId`)
    ON DELETE NO ACTION
    ON UPDATE NO ACTION)
ENGINE = InnoDB;


-- -----------------------------------------------------
-- Table `HotelManagementSystem`.`Discount`
-- -----------------------------------------------------
CREATE TABLE IF NOT EXISTS `HotelManagementSystem`.`RoomType` (
  `RoomTypeId` INT NOT NULL,
  `RoomTypeName` VARCHAR(45) NOT NULL,
  `RoomTypeDescription` VARCHAR(200) NOT NULL,
  `RoomTypeRate` DECIMAL(6,2) NOT NULL,
  `RoomCapacity` INT NOT NULL,
  `SmokingPermission` TINYINT NOT NULL,
  PRIMARY KEY (`RoomTypeId`),
  UNIQUE INDEX `RoomTypeId_UNIQUE` (`RoomTypeId` ASC))
ENGINE = InnoDB;


-- -----------------------------------------------------
-- Table `HotelManagementSystem`.`Discount`
-- -----------------------------------------------------
CREATE TABLE IF NOT EXISTS `HotelManagementSystem`.`Discount` (
  `DiscountId` INT NOT NULL,
  `DiscountPeriod` VARCHAR(45) NOT NULL,
  `DiscountPercent` INT NOT NULL,
  PRIMARY KEY (`DiscountId`))
ENGINE = InnoDB;


-- -----------------------------------------------------
-- Table `HotelManagementSystem`.`Rooms`
-- -----------------------------------------------------
CREATE TABLE IF NOT EXISTS `HotelManagementSystem`.`Rooms` (
  `RoomId` INT NOT NULL,
  `RoomName` VARCHAR(45) NOT NULL,
   `Available` TINYINT NOT NULL,
  `Hotels_HotelId` INT NOT NULL,
  `RoomType_RoomTypeId` INT NOT NULL,
  `Discount_DiscountId` INT NOT NULL,
 
  PRIMARY KEY (`RoomId`),
  UNIQUE INDEX `RoomId_UNIQUE` (`RoomId` ASC),
  INDEX `fk_Rooms_Hotels1_idx` (`Hotels_HotelId` ASC),
  INDEX `fk_Rooms_RoomType1_idx` (`RoomType_RoomTypeId` ASC),
  INDEX `fk_Rooms_Discount1_idx` (`Discount_DiscountId` ASC),
  CONSTRAINT `fk_Rooms_Hotels1`
    FOREIGN KEY (`Hotels_HotelId`)
    REFERENCES `HotelManagementSystem`.`Hotels` (`HotelId`)
    ON DELETE NO ACTION
    ON UPDATE NO ACTION,
  CONSTRAINT `fk_Rooms_RoomType1`
    FOREIGN KEY (`RoomType_RoomTypeId`)
    REFERENCES `HotelManagementSystem`.`RoomType` (`RoomTypeId`)
    ON DELETE NO ACTION
    ON UPDATE NO ACTION,
  CONSTRAINT `fk_Rooms_Discount1`
    FOREIGN KEY (`Discount_DiscountId`)
    REFERENCES `HotelManagementSystem`.`Discount` (`DiscountId`)
    ON DELETE NO ACTION
    ON UPDATE NO ACTION)
ENGINE = InnoDB;


-- -----------------------------------------------------
-- Table `HotelManagementSystem`.`Payment`
-- -----------------------------------------------------
CREATE TABLE IF NOT EXISTS `HotelManagementSystem`.`Payment` (
  `PaymentId` INT NOT NULL,
  `PaymentMethodName` VARCHAR(45) NOT NULL,
  PRIMARY KEY (`PaymentId`),
  UNIQUE INDEX `PaymentId_UNIQUE` (`PaymentId` ASC))
ENGINE = InnoDB;


-- -----------------------------------------------------
-- Table `HotelManagementSystem`.`Guests`
-- -----------------------------------------------------
CREATE TABLE IF NOT EXISTS `HotelManagementSystem`.`Guests` (
  `GuestId` INT NOT NULL,
  `GuestName` VARCHAR(45) NOT NULL,
  `GuestAddress` VARCHAR(45) NOT NULL,
  `GuestCity` VARCHAR(45) NOT NULL,
  `GuestCountry` VARCHAR(45) NOT NULL,
  `GuestPhone` VARCHAR(45) NOT NULL,
  `GuestEmail` VARCHAR(45) NOT NULL,
  PRIMARY KEY (`GuestId`))
ENGINE = InnoDB;


-- -----------------------------------------------------
-- Table `HotelManagementSystem`.`Booking`
-- -----------------------------------------------------
CREATE TABLE IF NOT EXISTS `HotelManagementSystem`.`Booking` (
  `BookingId` INT NOT NULL,
  `BookingType` VARCHAR(45) NOT NULL,
  `BookingDate` DATETIME NOT NULL,
  `CheckInDate` DATETIME NOT NULL,
  `NoOfDays` INT NOT NULL,
  `Payment_PaymentId` INT NOT NULL ,
  `Rooms_RoomId` INT NOT NULL,
  `Hotels_HotelId` INT NOT NULL,
  `Guests_GuestId` INT NOT NULL,
  PRIMARY KEY (`BookingId`, `Rooms_RoomId`),
  INDEX `fk_Booking_Payment1_idx` (`Payment_PaymentId` ASC),
  INDEX `fk_Booking_Rooms1_idx` (`Rooms_RoomId` ASC),
  INDEX `fk_Booking_Hotels1_idx` (`Hotels_HotelId` ASC),
  INDEX `fk_Booking_Guests1_idx` (`Guests_GuestId` ASC),
  CONSTRAINT `fk_Booking_Payment1`
    FOREIGN KEY (`Payment_PaymentId`)
    REFERENCES `HotelManagementSystem`.`Payment` (`PaymentId`)
    ON DELETE NO ACTION
    ON UPDATE NO ACTION,
  CONSTRAINT `fk_Booking_Rooms1`
    FOREIGN KEY (`Rooms_RoomId`)
    REFERENCES `HotelManagementSystem`.`Rooms` (`RoomId`)
    ON DELETE NO ACTION
    ON UPDATE NO ACTION,
  CONSTRAINT `fk_Booking_Hotels1`
    FOREIGN KEY (`Hotels_HotelId`)
    REFERENCES `HotelManagementSystem`.`Hotels` (`HotelId`)
    ON DELETE NO ACTION
    ON UPDATE NO ACTION,
  CONSTRAINT `fk_Booking_Guests1`
    FOREIGN KEY (`Guests_GuestId`)
    REFERENCES `HotelManagementSystem`.`Guests` (`GuestId`)
    ON DELETE NO ACTION
    ON UPDATE NO ACTION)
ENGINE = InnoDB;


SET SQL_MODE=@OLD_SQL_MODE;
SET FOREIGN_KEY_CHECKS=@OLD_FOREIGN_KEY_CHECKS;
SET UNIQUE_CHECKS=@OLD_UNIQUE_CHECKS;


-- -----------------------------------------------------
-- Data for table `HotelManagementSystem`.`Users`
-- -----------------------------------------------------
START TRANSACTION;
USE `HotelManagementSystem`;

-- Inserting data into the hotel_chain table
INSERT INTO `HotelManagementSystem`.`HotelChain` (`HotelChainID`, `HotelChainName`, `HotelCount`) VALUES (1, 'Taj Group',3);
INSERT INTO `HotelManagementSystem`.`HotelChain` (`HotelChainId`, `HotelChainName`, `HotelCount`) VALUES (2, 'Nirma Group',3);
INSERT INTO `HotelManagementSystem`.`HotelChain` (`HotelChainId`, `HotelChainName`, `HotelCount`) VALUES (3, 'Aman Chain',2);
INSERT INTO `HotelManagementSystem`.`HotelChain` (`HotelChainId`, `HotelChainName`, `HotelCount`) VALUES (4, 'Choice group',4);
INSERT INTO `HotelManagementSystem`.`HotelChain` (`HotelChainId`, `HotelChainName`, `HotelCount`) VALUES (5, 'Keys',3);

select * from hotelchain;

-- Inserting data into the starrate table
INSERT INTO `HotelManagementSystem`.`starrate` (`StarRateId`, `StarRateName`, `Rating`) VALUES (1, 'poor' , '*');
INSERT INTO `HotelManagementSystem`.`starrate` (`StarRateId`, `StarRateName`,`Rating`) VALUES (2, 'Average' , '**');
INSERT INTO `HotelManagementSystem`.`starrate` (`StarRateId`, `StarRateName`,`Rating`) VALUES (3, 'Good' , '***');
INSERT INTO `HotelManagementSystem`.`starrate` (`StarRateId`, `StarRateName`,`Rating`) VALUES (4, 'Superior', '****');
INSERT INTO `HotelManagementSystem`.`starrate` (`StarRateId`, `StarRateName`,`Rating`) VALUES (5, 'Excellent', '*****');

select * from starrate;


-- Inserting data into the hotel table
INSERT INTO  `HotelManagementSystem`.`Hotels` (`HotelId`,`HotelName`,`HotelDescription`,`NumberOfRooms`,`OccupiedRooms`,`AvailableRooms`,`NumberOfFloors`,`HotelAddress`,`HotelCity`,`HotelCountry`,`HotelPhone`,`HotelURL`,`HotelChain_HotelChainId`,`StarRate_StarRateId`) values 
(1, 'Taj Mumbai', 'The only 5 star hotel in Mumbai,India estalished in 1903', 200, 50, 150, 13,'Apollo Bandar','Mumbai', 'India', '+91 22 6665 3366',NULL,1,5);
INSERT INTO  `HotelManagementSystem`.`Hotels` (`HotelId`,`HotelName`,`HotelDescription`,`NumberOfRooms`,`OccupiedRooms`,`AvailableRooms`,`NumberOfFloors`,`HotelAddress`,`HotelCity`,`HotelCountry`,`HotelPhone`,`HotelURL`,`HotelChain_HotelChainId`,`StarRate_StarRateId`) values 
(2, 'Taj Banglore', 'The  3 star hotel in India estalished in 1910', 150, 75, 75, 10,' No. 99, 2nd Main Road, Next To Terapanthi Bhawan','Banglore', 'India', '+91 22 4365 4466', 'https://taj.tajhotels.com/Banglore/', 1,3);
INSERT INTO  `HotelManagementSystem`.`Hotels` (`HotelId`,`HotelName`,`HotelDescription`,`NumberOfRooms`,`OccupiedRooms`,`AvailableRooms`,`NumberOfFloors`,`HotelAddress`,`HotelCity`,`HotelCountry`,`HotelPhone`,`HotelURL`,`HotelChain_HotelChainId`,`StarRate_StarRateId`) values 
(3, 'Taj ahmedabad', 'The  2 star hotel in ahmedabad,India estalished in 2000', 110, 30, 80, 12,' Drive-In Road, Behind Himalaya Mall','Ahmedabad', 'India', '+91 79 6666 3333', 'https://taj.tajhotels.com/Ahmedabad/', 1,2);
INSERT INTO  `HotelManagementSystem`.`Hotels` (`HotelId`,`HotelName`,`HotelDescription`,`NumberOfRooms`,`OccupiedRooms`,`AvailableRooms`,`NumberOfFloors`,`HotelAddress`,`HotelCity`,`HotelCountry`,`HotelPhone`,`HotelURL`,`HotelChain_HotelChainId`,`StarRate_StarRateId`) values 
(4, 'Nirma Kolkata', 'The  5 star hotel in Kolkata,India estalished in 2010', 150, 40, 110, 10,' 3, Marquis Street','Kolkata', 'India', '+91 33 4017 7888',NULL, 2,5);
INSERT INTO  `HotelManagementSystem`.`Hotels` (`HotelId`,`HotelName`,`HotelDescription`,`NumberOfRooms`,`OccupiedRooms`,`AvailableRooms`,`NumberOfFloors`,`HotelAddress`,`HotelCity`,`HotelCountry`,`HotelPhone`,`HotelURL`,`HotelChain_HotelChainId`,`StarRate_StarRateId`) values 
(5, 'Nirma Chennai', 'The  3 star hotel in Chennai,India estalished in 1990',80, 20, 60, 8,  '216, E V R Periyar Salai','Chennai', 'India','+91 44 4398 9898', 'https://Nirma.nirmahotels.com/Chennai/', 2,3);
INSERT INTO  `HotelManagementSystem`.`Hotels` (`HotelId`,`HotelName`,`HotelDescription`,`NumberOfRooms`,`OccupiedRooms`,`AvailableRooms`,`NumberOfFloors`,`HotelAddress`,`HotelCity`,`HotelCountry`,`HotelPhone`,`HotelURL`,`HotelChain_HotelChainId`,`StarRate_StarRateId`) values 
(6, 'Nirma Baroda', 'The  1 star hotel in Baroda,India estalished in 1999',50, 40, 10, 5,  'Near Methodist Church, Opp. Saffron Complex','Baroda', 'India','+91 265 663 3333',NULL, 2,1);
INSERT INTO  `HotelManagementSystem`.`Hotels` (`HotelId`,`HotelName`,`HotelDescription`,`NumberOfRooms`,`OccupiedRooms`,`AvailableRooms`,`NumberOfFloors`,`HotelAddress`,`HotelCity`,`HotelCountry`,`HotelPhone`,`HotelURL`,`HotelChain_HotelChainId`,`StarRate_StarRateId`) values 
(7, 'Aman Anand', 'The hotel with riverfront in Anand,India estalished in 2005',75, 35, 40, 6,  'Near Ganesh Crossing, Anand- Sojitra Road','Anand', 'India','+91 72900 59924', 'https://Aman.Amanhotels.com/Anand/', 3,1);
INSERT INTO  `HotelManagementSystem`.`Hotels` (`HotelId`,`HotelName`,`HotelDescription`,`NumberOfRooms`,`OccupiedRooms`,`AvailableRooms`,`NumberOfFloors`,`HotelAddress`,`HotelCity`,`HotelCountry`,`HotelPhone`,`HotelURL`,`HotelChain_HotelChainId`,`StarRate_StarRateId`) values 
(8, 'Aman Hyderabad', 'The 3 star hotel in Hyderabad,India estalished in 2003',110, 60, 50, 10,  'Near Charminar','Hyderabad', 'India','+91 72900 59789', NULL, 3,3);
INSERT INTO  `HotelManagementSystem`.`Hotels` (`HotelId`,`HotelName`,`HotelDescription`,`NumberOfRooms`,`OccupiedRooms`,`AvailableRooms`,`NumberOfFloors`,`HotelAddress`,`HotelCity`,`HotelCountry`,`HotelPhone`,`HotelURL`,`HotelChain_HotelChainId`,`StarRate_StarRateId`) values 
(9, 'Choce Toronto', 'The hotel with 5 star in Toronto,canada estalished in 1993',100, 20, 80, 10,  'Near Downtown,Toronto','Toronto', 'Canada','+1 (905) 518 6696', 'https://Choice.ChoiceGroup.com/Toronto/', 4,5);
INSERT INTO  `HotelManagementSystem`.`Hotels` (`HotelId`,`HotelName`,`HotelDescription`,`NumberOfRooms`,`OccupiedRooms`,`AvailableRooms`,`NumberOfFloors`,`HotelAddress`,`HotelCity`,`HotelCountry`,`HotelPhone`,`HotelURL`,`HotelChain_HotelChainId`,`StarRate_StarRateId`) values 
(10, 'Choce Vancouver', 'The hotel with 3 star in Vancouver,canada estalished in 1993',80, 10, 70, 8,  '300 - 999 Canada Place','Vancouver', 'Canada','+1 (416) 518 8896', 'https://Choice.ChoiceGroup.com/Vancouver/', 4,3);
INSERT INTO  `HotelManagementSystem`.`Hotels` (`HotelId`,`HotelName`,`HotelDescription`,`NumberOfRooms`,`OccupiedRooms`,`AvailableRooms`,`NumberOfFloors`,`HotelAddress`,`HotelCity`,`HotelCountry`,`HotelPhone`,`HotelURL`,`HotelChain_HotelChainId`,`StarRate_StarRateId`) values 
(11, 'Choce Brampton', 'The hotel with 4 star in Brampton,canada estalished in 2007',120, 30, 110, 12,  '45 Coventry Rd',' Brampton', 'Canada','+1 (905) 453-5200',NULL, 4,4);
INSERT INTO  `HotelManagementSystem`.`Hotels` (`HotelId`,`HotelName`,`HotelDescription`,`NumberOfRooms`,`OccupiedRooms`,`AvailableRooms`,`NumberOfFloors`,`HotelAddress`,`HotelCity`,`HotelCountry`,`HotelPhone`,`HotelURL`,`HotelChain_HotelChainId`,`StarRate_StarRateId`) values 
(12, 'Keys Kitchener', 'The hotel with 4 star in Kitchener,canada estalished in 2006',90, 40, 50, 10,  'Near Crownz plaza',' Kitchener', 'Canada','+1 (905) 453-3486', 'https://Keys.KeysGroup.com/Kitchener/', 5,4);
INSERT INTO  `HotelManagementSystem`.`Hotels` (`HotelId`,`HotelName`,`HotelDescription`,`NumberOfRooms`,`OccupiedRooms`,`AvailableRooms`,`NumberOfFloors`,`HotelAddress`,`HotelCity`,`HotelCountry`,`HotelPhone`,`HotelURL`,`HotelChain_HotelChainId`,`StarRate_StarRateId`) values 
(13, 'Keys Montreal', 'The hotel with 5 star in montreal,canada estalished in 1996',110, 60, 50, 11,  '1240 Drummond St',' Montreal', 'Canada','+1 (905) 453-5646', NULL, 5,5);
INSERT INTO  `HotelManagementSystem`.`Hotels` (`HotelId`,`HotelName`,`HotelDescription`,`NumberOfRooms`,`OccupiedRooms`,`AvailableRooms`,`NumberOfFloors`,`HotelAddress`,`HotelCity`,`HotelCountry`,`HotelPhone`,`HotelURL`,`HotelChain_HotelChainId`,`StarRate_StarRateId`) values 
(14, 'Keys London', 'The hotel with 4 star in London,canada estalished in 2006',100, 50, 50, 9,  '42 Adler St, Whitechapel','London', 'Canada','+1 (905) 666-6846', 'https://Keys.KeysGroup.com/London/', 5,4);

select * from hotels;

-- Inserting data into the Discount table
INSERT INTO `HotelManagementSystem`.`Discount`(`DiscountId`,`DiscountPeriod`,`DiscountPercent`) Values
(1,'JAN-MAR',10);
INSERT INTO `HotelManagementSystem`.`Discount`(`DiscountId`,`DiscountPeriod`,`DiscountPercent`) Values
(2,'JULY-AUG',15);
INSERT INTO `HotelManagementSystem`.`Discount`(`DiscountId`,`DiscountPeriod`,`DiscountPercent`) Values
(3,'SEPT-DEC',12);

select * from Discount;

-- Inserting data into the roomtype table
INSERT INTO `HotelManagementSystem`.`RoomType` ( `RoomTypeId`,`RoomTypeName`, `RoomTypeDescription`, `RoomTypeRate` ,`RoomCapacity`,`SmokingPermission`) values
(1,'One bed superior','30 sq mts room with wifi,tv,table with coffee maker bathroom','4207.50',2,0);
INSERT INTO `HotelManagementSystem`.`RoomType` ( `RoomTypeId`,`RoomTypeName`, `RoomTypeDescription`, `RoomTypeRate` ,`RoomCapacity`,`SmokingPermission`) values
(2,'One bed Executive','30 sq mts room with iPod dock media hub,wifi,tv,table with coffee maker bathroom','5737.50',3,0);
INSERT INTO `HotelManagementSystem`.`RoomType` ( `RoomTypeId`,`RoomTypeName`, `RoomTypeDescription`, `RoomTypeRate` ,`RoomCapacity`,`SmokingPermission`) values
(3,'Two bed','30 sq mts room with iPod dock hub,wifi,tv,Workarea,table with coffee maker bathroom','4207.50',2,1);
INSERT INTO `HotelManagementSystem`.`RoomType` ( `RoomTypeId`,`RoomTypeName`, `RoomTypeDescription`, `RoomTypeRate` ,`RoomCapacity`,`SmokingPermission`) values
(4,'Two bed superior','30 sq mts room with iPod dock hub,wifi,tv,Workarea,table with coffee maker bathroom','5737.50',3,1);
INSERT INTO `HotelManagementSystem`.`RoomType` ( `RoomTypeId`,`RoomTypeName`, `RoomTypeDescription`, `RoomTypeRate` ,`RoomCapacity`,`SmokingPermission`) values
(5,'Two bed Executive','60 sq mts room with iPod dock hub,table with coffee makerand pillow bathroom with shower cubicle','5737.50',3,0);
INSERT INTO `HotelManagementSystem`.`RoomType` ( `RoomTypeId`,`RoomTypeName`, `RoomTypeDescription`, `RoomTypeRate` ,`RoomCapacity`,`SmokingPermission`) values
(6,'1king suit ','60 sq mts room with iPod dock hub,wifi,tv,Workarea,executive lounge access  bathroom','8797.50',3,1);
INSERT INTO `HotelManagementSystem`.`RoomType` ( `RoomTypeId`,`RoomTypeName`, `RoomTypeDescription`, `RoomTypeRate` ,`RoomCapacity`,`SmokingPermission`) values
(7,'1king studio suit ','80 sq mts room with iPod dock hub,wifi,tv,2 way transferwith cocktail hours bathroom','9797.50',3,1);
INSERT INTO `HotelManagementSystem`.`RoomType` ( `RoomTypeId`,`RoomTypeName`, `RoomTypeDescription`, `RoomTypeRate` ,`RoomCapacity`,`SmokingPermission`) values
(8,'Standard','30 sq mts room with wifi,tv,table with coffee maker bathroom','4000.50',2,1);

select * from RoomType;

-- Inserting data into the rooms table
INSERT INTO `HotelManagementSystem`.`Rooms` ( `RoomId`,`RoomName`,`Available`,`Hotels_HotelId`,`RoomType_RoomTypeId`,`Discount_DiscountId`)values
(1,'1A101',0,14,1,3);
INSERT INTO `HotelManagementSystem`.`Rooms` ( `RoomId`,`RoomName`,`Available`,`Hotels_HotelId`,`RoomType_RoomTypeId`,`Discount_DiscountId`)values
(2,'1A102',1,13,2,1);
INSERT INTO `HotelManagementSystem`.`Rooms` ( `RoomId`,`RoomName`,`Available`,`Hotels_HotelId`,`RoomType_RoomTypeId`,`Discount_DiscountId`)values
(3,'1A103',1,14,3,2);
INSERT INTO `HotelManagementSystem`.`Rooms` ( `RoomId`,`RoomName`,`Available`,`Hotels_HotelId`,`RoomType_RoomTypeId`,`Discount_DiscountId`)values
(4,'2A102',0,12,4,3);
INSERT INTO `HotelManagementSystem`.`Rooms` ( `RoomId`,`RoomName`,`Available`,`Hotels_HotelId`,`RoomType_RoomTypeId`,`Discount_DiscountId`)values
(5,'2A102',0,11,5,1);
INSERT INTO `HotelManagementSystem`.`Rooms` ( `RoomId`,`RoomName`,`Available`,`Hotels_HotelId`,`RoomType_RoomTypeId`,`Discount_DiscountId`)values
(6,'2A102',1,10,6,1);
INSERT INTO `HotelManagementSystem`.`Rooms` ( `RoomId`,`RoomName`,`Available`,`Hotels_HotelId`,`RoomType_RoomTypeId`,`Discount_DiscountId`)values
(7,'3A101',1,9,7,2);
INSERT INTO `HotelManagementSystem`.`Rooms` ( `RoomId`,`RoomName`,`Available`,`Hotels_HotelId`,`RoomType_RoomTypeId`,`Discount_DiscountId`)values
(8,'3A102',0,8,8,1);
INSERT INTO `HotelManagementSystem`.`Rooms` ( `RoomId`,`RoomName`,`Available`,`Hotels_HotelId`,`RoomType_RoomTypeId`,`Discount_DiscountId`)values
(9,'3A103',1,7,7,2);
INSERT INTO `HotelManagementSystem`.`Rooms` ( `RoomId`,`RoomName`,`Available`,`Hotels_HotelId`,`RoomType_RoomTypeId`,`Discount_DiscountId`)values
(10,'1A102',1,6,8,3);
INSERT INTO `HotelManagementSystem`.`Rooms` ( `RoomId`,`RoomName`,`Available`,`Hotels_HotelId`,`RoomType_RoomTypeId`,`Discount_DiscountId`)values
(11,'1A102',0,5,5,1);
INSERT INTO `HotelManagementSystem`.`Rooms` ( `RoomId`,`RoomName`,`Available`,`Hotels_HotelId`,`RoomType_RoomTypeId`,`Discount_DiscountId`)values
(12,'2A101',1,4,6,2);
INSERT INTO `HotelManagementSystem`.`Rooms` ( `RoomId`,`RoomName`,`Available`,`Hotels_HotelId`,`RoomType_RoomTypeId`,`Discount_DiscountId`)values
(13,'3A101',0,3,4,3);
INSERT INTO `HotelManagementSystem`.`Rooms` ( `RoomId`,`RoomName`,`Available`,`Hotels_HotelId`,`RoomType_RoomTypeId`,`Discount_DiscountId`)values
(14,'3A102',1,2,3,1);
INSERT INTO `HotelManagementSystem`.`Rooms` ( `RoomId`,`RoomName`,`Available`,`Hotels_HotelId`,`RoomType_RoomTypeId`,`Discount_DiscountId`)values
(15,'3A103',0,1,2,2);
INSERT INTO `HotelManagementSystem`.`Rooms` ( `RoomId`,`RoomName`,`Available`,`Hotels_HotelId`,`RoomType_RoomTypeId`,`Discount_DiscountId`)values
(16,'1A102',1,13,4,3);
INSERT INTO `HotelManagementSystem`.`Rooms` ( `RoomId`,`RoomName`,`Available`,`Hotels_HotelId`,`RoomType_RoomTypeId`,`Discount_DiscountId`)values
(17,'1A102',1,12,5,1);
INSERT INTO `HotelManagementSystem`.`Rooms` ( `RoomId`,`RoomName`,`Available`,`Hotels_HotelId`,`RoomType_RoomTypeId`,`Discount_DiscountId`)values
(18,'1A102',0,11,7,2);
INSERT INTO `HotelManagementSystem`.`Rooms` ( `RoomId`,`RoomName`,`Available`,`Hotels_HotelId`,`RoomType_RoomTypeId`,`Discount_DiscountId`)values
(19,'1A101',1,3,4,3);
INSERT INTO `HotelManagementSystem`.`Rooms` ( `RoomId`,`RoomName`,`Available`,`Hotels_HotelId`,`RoomType_RoomTypeId`,`Discount_DiscountId`)values
(20,'1A102',0,2,3,1);
INSERT INTO `HotelManagementSystem`.`Rooms` ( `RoomId`,`RoomName`,`Available`,`Hotels_HotelId`,`RoomType_RoomTypeId`,`Discount_DiscountId`)values
(21,'2A103',1,1,2,2);
INSERT INTO `HotelManagementSystem`.`Rooms` ( `RoomId`,`RoomName`,`Available`,`Hotels_HotelId`,`RoomType_RoomTypeId`,`Discount_DiscountId`)values
(22,'2A102',1,5,4,3);
INSERT INTO `HotelManagementSystem`.`Rooms` ( `RoomId`,`RoomName`,`Available`,`Hotels_HotelId`,`RoomType_RoomTypeId`,`Discount_DiscountId`)values
(23,'3A102',0,12,5,1);
INSERT INTO `HotelManagementSystem`.`Rooms` ( `RoomId`,`RoomName`,`Available`,`Hotels_HotelId`,`RoomType_RoomTypeId`,`Discount_DiscountId`)values
(24,'1A102',1,11,7,2);


-- Inserting data into the Payment table
INSERT INTO `HotelManagementSystem`.`Payment`(`PaymentId`,`PaymentMethodName`) Values
(1,'Visa');
INSERT INTO `HotelManagementSystem`.`Payment`(`PaymentId`,`PaymentMethodName`) Values
(2,'Mast Card');
INSERT INTO `HotelManagementSystem`.`Payment`(`PaymentId`,`PaymentMethodName`) Values
(3,'American Express');
INSERT INTO `HotelManagementSystem`.`Payment`(`PaymentId`,`PaymentMethodName`) Values
(4,'Paypal');
INSERT INTO `HotelManagementSystem`.`Payment`(`PaymentId`,`PaymentMethodName`) Values
(5,'Carte Bleue');
INSERT INTO `HotelManagementSystem`.`Payment`(`PaymentId`,`PaymentMethodName`) Values
(6,'Cash');



-- Data insertion in to guests
INSERT INTO  `HotelManagementSystem`.`guests` (`GuestId`,`GuestName`,`GuestAddress`,`GuestCity`,`GuestCountry`,`GuestPhone`,`GuestEmail`) values
(1, 'Shehban Patel', '49 wilson avenue','Kitchener','Canada','(225)-507-5105','shehban11@gmail.com'); 
INSERT INTO  `HotelManagementSystem`.`guests` (`GuestId`,`GuestName`,`GuestAddress`,`GuestCity`,`GuestCountry`,`GuestPhone`,`GuestEmail`) values
(2, 'Krunal Patel', '40 Tuxedo court','Toronto','Canada','(225)-567-4075','krunal22@gmail.com'); 
INSERT INTO  `HotelManagementSystem`.`guests` (`GuestId`,`GuestName`,`GuestAddress`,`GuestCity`,`GuestCountry`,`GuestPhone`,`GuestEmail`) values
(3, 'Twinkle Patel', '36 venier drive','Kitchener','Canada','(226)-447-5565','twinkle44@gmail.com'); 
INSERT INTO  `HotelManagementSystem`.`guests` (`GuestId`,`GuestName`,`GuestAddress`,`GuestCity`,`GuestCountry`,`GuestPhone`,`GuestEmail`) values
(4, 'Sahil arora', 'bassi pathana','Punjab','India','+91 76007 85622','sahil78@gmail.com'); 
INSERT INTO  `HotelManagementSystem`.`guests` (`GuestId`,`GuestName`,`GuestAddress`,`GuestCity`,`GuestCountry`,`GuestPhone`,`GuestEmail`) values
(5, 'Hiren bhatiya', 'Sagvada road','jaipur','India','+91 9724178171','Hiren66@gmail.com');
INSERT INTO  `HotelManagementSystem`.`guests` (`GuestId`,`GuestName`,`GuestAddress`,`GuestCity`,`GuestCountry`,`GuestPhone`,`GuestEmail`) values
(6, 'Kaushal Patel', '286 chandler Drive','Kitchener','Canada','(226)-478-5265','kaushal894@gmail.com'); 
 INSERT INTO  `HotelManagementSystem`.`guests` (`GuestId`,`GuestName`,`GuestAddress`,`GuestCity`,`GuestCountry`,`GuestPhone`,`GuestEmail`) values
(7, 'Jaanesh Patel', 'Bus station Road','Khambhat','India','+91 9898754773','Jaanesh78@gmail.com');
INSERT INTO  `HotelManagementSystem`.`guests` (`GuestId`,`GuestName`,`GuestAddress`,`GuestCity`,`GuestCountry`,`GuestPhone`,`GuestEmail`) values
(8, 'Vedant reddy', 'university Road','East Melbourne','Australia','(226)-497-5665','Vedant786@gmail.com'); 
INSERT INTO  `HotelManagementSystem`.`guests` (`GuestId`,`GuestName`,`GuestAddress`,`GuestCity`,`GuestCountry`,`GuestPhone`,`GuestEmail`) values
(9, 'Prit Joshi', 'Vatican city','South Melbourne','Australia','(226)-467-6666','Prit007@gmail.com'); 
INSERT INTO  `HotelManagementSystem`.`guests` (`GuestId`,`GuestName`,`GuestAddress`,`GuestCity`,`GuestCountry`,`GuestPhone`,`GuestEmail`) values
(10, 'Parth Patel', '100 Ft ring road','ahmedabad','India','+91 97324 97665','Parth6@gmail.com');




-- Inserting data into the Booking table
INSERT INTO `HotelManagementSystem`.`Booking` (`BookingId`,`BookingType`,`BookingDate`,`CheckInDate`,`NoOfDays`,`Payment_PaymentId`,`Rooms_RoomId`,`Hotels_HotelId`,`Guests_GuestId`)values
(1,'Offline',Now(),'2018-08-13 17:47:57',2,6,1,5,1);
INSERT INTO `HotelManagementSystem`.`Booking` (`BookingId`,`BookingType`,`BookingDate`,`CheckInDate`,`NoOfDays`,`Payment_PaymentId`,`Rooms_RoomId`,`Hotels_HotelId`,`Guests_GuestId`)values
(2,'Online',Now(),'2018-07-14 17:47:57',5,5,2,1,2);
INSERT INTO `HotelManagementSystem`.`Booking` (`BookingId`,`BookingType`,`BookingDate`,`CheckInDate`,`NoOfDays`,`Payment_PaymentId`,`Rooms_RoomId`,`Hotels_HotelId`,`Guests_GuestId`)values
(3,'Online',Now(),'2018-09-15 17:47:57',4,4,3,2,3);
INSERT INTO `HotelManagementSystem`.`Booking` (`BookingId`,`BookingType`,`BookingDate`,`CheckInDate`,`NoOfDays`,`Payment_PaymentId`,`Rooms_RoomId`,`Hotels_HotelId`,`Guests_GuestId`)values
(4,'Offline',Now(),'2018-08-1 17:47:57',1,3,4,3,4);
INSERT INTO `HotelManagementSystem`.`Booking` (`BookingId`,`BookingType`,`BookingDate`,`CheckInDate`,`NoOfDays`,`Payment_PaymentId`,`Rooms_RoomId`,`Hotels_HotelId`,`Guests_GuestId`)values
(5,'Online',Now(),'2018-08-13 08:19:14',1,5,5,4,5);
INSERT INTO `HotelManagementSystem`.`Booking` (`BookingId`,`BookingType`,`BookingDate`,`CheckInDate`,`NoOfDays`,`Payment_PaymentId`,`Rooms_RoomId`,`Hotels_HotelId`,`Guests_GuestId`)values
(6,'Online',Now(),'2018-08-19 17:19:57',5,6,6,1,6);
INSERT INTO `HotelManagementSystem`.`Booking` (`BookingId`,`BookingType`,`BookingDate`,`CheckInDate`,`NoOfDays`,`Payment_PaymentId`,`Rooms_RoomId`,`Hotels_HotelId`,`Guests_GuestId`)values
(7,'Offline',Now(),'2018-01-12 17:47:57',3,6,7,1,7);
INSERT INTO `HotelManagementSystem`.`Booking` (`BookingId`,`BookingType`,`BookingDate`,`CheckInDate`,`NoOfDays`,`Payment_PaymentId`,`Rooms_RoomId`,`Hotels_HotelId`,`Guests_GuestId`)values
(8,'Online',Now(),'2018-09-1 08:19:57',6,6,8,2,1);
INSERT INTO `HotelManagementSystem`.`Booking` (`BookingId`,`BookingType`,`BookingDate`,`CheckInDate`,`NoOfDays`,`Payment_PaymentId`,`Rooms_RoomId`,`Hotels_HotelId`,`Guests_GuestId`)values
(9,'Offline',Now(),'2018-09-14 17:19:14',9,2,1,2,1);
INSERT INTO `HotelManagementSystem`.`Booking` (`BookingId`,`BookingType`,`BookingDate`,`CheckInDate`,`NoOfDays`,`Payment_PaymentId`,`Rooms_RoomId`,`Hotels_HotelId`,`Guests_GuestId`)values
(10,'Online',Now(),'2018-08-13 17:47:57',1,3,1,3,2);
INSERT INTO `HotelManagementSystem`.`Booking` (`BookingId`,`BookingType`,`BookingDate`,`CheckInDate`,`NoOfDays`,`Payment_PaymentId`,`Rooms_RoomId`,`Hotels_HotelId`,`Guests_GuestId`)values
(11,'Offline',Now(),'2018-08-18 19:47:57',5,1,2,13,2);
INSERT INTO `HotelManagementSystem`.`Booking` (`BookingId`,`BookingType`,`BookingDate`,`CheckInDate`,`NoOfDays`,`Payment_PaymentId`,`Rooms_RoomId`,`Hotels_HotelId`,`Guests_GuestId`)values
(12,'Online',Now(),'2018-08-12 17:47:14',2,1,2,14,3);
INSERT INTO `HotelManagementSystem`.`Booking` (`BookingId`,`BookingType`,`BookingDate`,`CheckInDate`,`NoOfDays`,`Payment_PaymentId`,`Rooms_RoomId`,`Hotels_HotelId`,`Guests_GuestId`)values
(13,'Online',Now(),'2018-08-13 17:47:57',2,2,3,12,3);
INSERT INTO `HotelManagementSystem`.`Booking` (`BookingId`,`BookingType`,`BookingDate`,`CheckInDate`,`NoOfDays`,`Payment_PaymentId`,`Rooms_RoomId`,`Hotels_HotelId`,`Guests_GuestId`)values
(14,'Online',Now(),'2018-08-9 17:14:57',3,3,3,11,10);
INSERT INTO `HotelManagementSystem`.`Booking` (`BookingId`,`BookingType`,`BookingDate`,`CheckInDate`,`NoOfDays`,`Payment_PaymentId`,`Rooms_RoomId`,`Hotels_HotelId`,`Guests_GuestId`)values
(15,'Offline',Now(),'2018-08-3 17:47:14',1,4,8,10,10);





-- Insert into User table
INSERT INTO `HotelManagementSystem`.`Users` (`UserId`, `UserName`, `Designation`, `Hotels_HotelId`) VALUES (1, 'Steve Thomas', 'Security Manager', 1);
INSERT INTO `HotelManagementSystem`.`Users` (`UserId`, `UserName`, `Designation`, `Hotels_HotelId`) VALUES (2, 'Ramesh pawer', 'Hotel Manager', 1);
INSERT INTO `HotelManagementSystem`.`Users` (`UserId`, `UserName`, `Designation`, `Hotels_HotelId`) VALUES (3, 'Savan Patel', 'Receptionist', 1);
INSERT INTO `HotelManagementSystem`.`Users` (`UserId`, `UserName`, `Designation`, `Hotels_HotelId`) VALUES (4, 'Abdul Riyaz', 'Food Court Manager', 1);
INSERT INTO `HotelManagementSystem`.`Users` (`UserId`, `UserName`, `Designation`, `Hotels_HotelId`) VALUES (5, 'Srikar reddy', 'House Keeping', 2);
INSERT INTO `HotelManagementSystem`.`Users` (`UserId`, `UserName`, `Designation`, `Hotels_HotelId`) VALUES (6, 'Krunal Khatri', 'Receptionist', 2);
INSERT INTO `HotelManagementSystem`.`Users` (`UserId`, `UserName`, `Designation`, `Hotels_HotelId`) VALUES (7, 'Kevin smith', 'Hotel Manager', 2);
INSERT INTO `HotelManagementSystem`.`Users` (`UserId`, `UserName`, `Designation`, `Hotels_HotelId`) VALUES (8, 'Dinesh Karthik', 'Chef', 2);
INSERT INTO `HotelManagementSystem`.`Users` (`UserId`, `UserName`, `Designation`, `Hotels_HotelId`) VALUES (9, 'Johncena', 'Hotel Manager ', 3);
INSERT INTO `HotelManagementSystem`.`Users` (`UserId`, `UserName`, `Designation`, `Hotels_HotelId`) VALUES (10, 'Dhruvesh patel', 'Receptionist', 3);
INSERT INTO `HotelManagementSystem`.`Users` (`UserId`, `UserName`, `Designation`, `Hotels_HotelId`) VALUES (11, 'Pankaj Udas', 'Hotel manager', 4);
INSERT INTO `HotelManagementSystem`.`Users` (`UserId`, `UserName`, `Designation`, `Hotels_HotelId`) VALUES (12, 'Saurab tiwari', 'receptionist', 4);
INSERT INTO `HotelManagementSystem`.`Users` (`UserId`, `UserName`, `Designation`, `Hotels_HotelId`) VALUES (13, 'Jaikit patel', 'House keeping', 5);
INSERT INTO `HotelManagementSystem`.`Users` (`UserId`, `UserName`, `Designation`, `Hotels_HotelId`) VALUES (14, 'Hardik Reddy', 'Chef', 5);
INSERT INTO `HotelManagementSystem`.`Users` (`UserId`, `UserName`, `Designation`, `Hotels_HotelId`) VALUES (15, 'Himesh Patel', 'Reciptionist', 6);
INSERT INTO `HotelManagementSystem`.`Users` (`UserId`, `UserName`, `Designation`, `Hotels_HotelId`) VALUES (16, 'Asad Biag', 'security Manager', 6);
INSERT INTO `HotelManagementSystem`.`Users` (`UserId`, `UserName`, `Designation`, `Hotels_HotelId`) VALUES (17 , 'Nilesh patel', 'Hotel manager', 7);
INSERT INTO `HotelManagementSystem`.`Users` (`UserId`, `UserName`, `Designation`, `Hotels_HotelId`) VALUES (18, 'Deepika Padukon', 'Chef', 8);
INSERT INTO `HotelManagementSystem`.`Users` (`UserId`, `UserName`, `Designation`, `Hotels_HotelId`) VALUES (19, 'Parul Patel', 'Receptionist', 9);
INSERT INTO `HotelManagementSystem`.`Users` (`UserId`, `UserName`, `Designation`, `Hotels_HotelId`) VALUES (20, 'Devang bhatt', 'House Keeping', 10);

select * from users;


COMMIT;